-- MySQL dump 10.13  Distrib 8.0.30, for Win64 (x86_64)
--
-- Host: localhost    Database: blog
-- ------------------------------------------------------
-- Server version	8.0.30

/*!40101 SET @OLD_CHARACTER_SET_CLIENT=@@CHARACTER_SET_CLIENT */;
/*!40101 SET @OLD_CHARACTER_SET_RESULTS=@@CHARACTER_SET_RESULTS */;
/*!40101 SET @OLD_COLLATION_CONNECTION=@@COLLATION_CONNECTION */;
/*!50503 SET NAMES utf8mb4 */;
/*!40103 SET @OLD_TIME_ZONE=@@TIME_ZONE */;
/*!40103 SET TIME_ZONE='+00:00' */;
/*!40014 SET @OLD_UNIQUE_CHECKS=@@UNIQUE_CHECKS, UNIQUE_CHECKS=0 */;
/*!40014 SET @OLD_FOREIGN_KEY_CHECKS=@@FOREIGN_KEY_CHECKS, FOREIGN_KEY_CHECKS=0 */;
/*!40101 SET @OLD_SQL_MODE=@@SQL_MODE, SQL_MODE='NO_AUTO_VALUE_ON_ZERO' */;
/*!40111 SET @OLD_SQL_NOTES=@@SQL_NOTES, SQL_NOTES=0 */;

--
-- Table structure for table `category`
--

DROP TABLE IF EXISTS `category`;

/*!40101 SET @saved_cs_client     = @@character_set_client */;
/*!50503 SET character_set_client = utf8mb4 */;

CREATE TABLE `category` (
  `id` int NOT NULL AUTO_INCREMENT,
  `name` varchar(50) NOT NULL,
  PRIMARY KEY (`id`)
) ENGINE=InnoDB AUTO_INCREMENT=27 DEFAULT CHARSET=utf8mb4 COLLATE=utf8mb4_general_ci;

/*!40101 SET character_set_client = @saved_cs_client */;


--
-- Dumping data for table `category`
--

LOCK TABLES `category` WRITE;
/*!40000 ALTER TABLE `category` DISABLE KEYS */;
INSERT INTO `category` VALUES (21,'Php'),(23,'Javascript'),(24,'cyber security'),(25,'Machine Learning'),(26,'Cloud Computing');
/*!40000 ALTER TABLE `category` ENABLE KEYS */;
UNLOCK TABLES;

--
-- Table structure for table `comments`
--

DROP TABLE IF EXISTS `comments`;

/*!40101 SET @saved_cs_client     = @@character_set_client */;
/*!50503 SET character_set_client = utf8mb4 */;

CREATE TABLE `comments` (
  `id` int NOT NULL AUTO_INCREMENT,
  `post_id` int NOT NULL,
  `name` varchar(50) NOT NULL,
  `email` varchar(50) NOT NULL,
  `comment` varchar(255) NOT NULL,
  `created_at` timestamp NOT NULL DEFAULT CURRENT_TIMESTAMP ON UPDATE CURRENT_TIMESTAMP,
  PRIMARY KEY (`id`)
) ENGINE=InnoDB AUTO_INCREMENT=33 DEFAULT CHARSET=utf8mb4 COLLATE=utf8mb4_general_ci;

/*!40101 SET character_set_client = @saved_cs_client */;

--
-- Dumping data for table `comments`
--

LOCK TABLES `comments` WRITE;
/*!40000 ALTER TABLE `comments` DISABLE KEYS */;
INSERT INTO `comments` VALUES (18,20,'waheed','bababooks29@gmail.com','testing','2023-07-14 11:59:39'),(19,20,'YourBlogs','bababooks29@gmail.com','this is amazing','2023-07-14 12:00:13'),(20,21,'rahul','abdulwaheedchaudhary78@gmail.com','nice\r\n','2023-07-15 04:15:37'),(21,18,'sameer','abdulwaheedchaudhary78@gmail.com','nive','2023-07-15 04:19:29'),(22,21,'rahul','bababooks29@gmail.com','ni','2023-07-15 04:19:59'),(23,21,'YourBlogs','bababooks29@gmail.com','again trying','2023-07-15 04:48:19'),(24,21,'known','bababooks29@gmail.com','finally this is woring','2023-07-15 04:49:31'),(25,22,'sameer','bababooks29@gmail.com','nice picture','2023-07-15 05:30:22'),(26,26,'about','bababooks29@gmail.com','nice working\r\n','2023-07-15 12:11:47'),(27,25,'waheed','abdulwaheedchaudhary78@gmail.com','nice one','2023-07-15 12:23:57'),(28,43,'sameer','abdulwaheedchaudhary78@gmail.com','nice one\r\n','2023-07-16 05:05:49'),(29,43,'waheed','bababooks29@gmail.com','This code places both the image and content inside the same row. Adjust the column widths and styles as needed for your layout preferences.','2023-11-23 17:18:40'),(30,44,'abdul waheed chaudhary','abdulwaheedchaudhary78@gmail.com','PHP (Hypertext Preprocessor) is a server-side scripting language that has been a cornerstone of web development for over two decades. Known for its simplicity, versatility, and robust capabilities, PHP is a fav','2023-11-23 18:00:18'),(31,47,'waheed','bababooks29@gmail.com','hello gutys i love this blog\r\n','2023-11-25 04:47:17'),(32,47,'','','PHP (Hypertext Preprocessor) is a server-side scripting language that has been a cornerstone of web development for over two decades. Known for its simplicity, versatility, and robust capabilities, PHP is a fav','2023-11-25 04:48:14');
/*!40000 ALTER TABLE `comments` ENABLE KEYS */;
UNLOCK TABLES;

--
-- Table structure for table `images`
--

DROP TABLE IF EXISTS `images`;

/*!40101 SET @saved_cs_client     = @@character_set_client */;
/*!50503 SET character_set_client = utf8mb4 */;

CREATE TABLE `images` (
  `id` int NOT NULL AUTO_INCREMENT,
  `post_id` int NOT NULL,
  `image` varchar(50) NOT NULL,
  PRIMARY KEY (`id`)
) ENGINE=InnoDB AUTO_INCREMENT=93 DEFAULT CHARSET=utf8mb4 COLLATE=utf8mb4_general_ci;

/*!40101 SET character_set_client = @saved_cs_client */;

--
-- Dumping data for table `images`
--

LOCK TABLES `images` WRITE;
/*!40000 ALTER TABLE `images` DISABLE KEYS */;
INSERT INTO `images` VALUES (28,26,'good-morning-images-funkylife.jpg'),(29,25,'download.jpg'),(33,45,'lo1.png'),(34,45,'lo2.png'),(35,45,'13.png'),(37,45,'15.png'),(66,48,'Ekaya,-womenswear-brand-launches.png'),(67,48,'elder-women-with-dalmatian-close.png'),(68,48,'medium-shot-woman-with-clothes_2.png'),(69,48,'mens.jpg'),(70,49,'fashion2.png'),(71,49,'flat-design-online-shopping-land.png'),(72,49,'gururaj-gk-22-11-18-04.png'),(73,49,'happy-people-buying-clothes-onli.jpg'),(74,49,'happy-toddler-with-reindeer-head.jpg'),(75,50,'amazon_enters_india_women_appare.png'),(76,50,'gururaj-gk-22-11-18-04.png'),(77,50,'images (3).png'),(78,50,'mountain-landscape-day-time.jpg'),(79,50,'womens.jpg'),(80,51,'elder-women-with-dalmatian-close.png'),(81,51,'fashion2.png'),(82,51,'flat-design-online-shopping-land.png'),(83,51,'happy-people-buying-clothes-onli.jpg'),(84,52,'Ekaya,-womenswear-brand-launches.png'),(85,52,'elder-women-with-dalmatian-close.png'),(86,52,'gururaj-gk-22-11-18-04.png'),(87,52,'hand-drawn-flat-design-devops-il.png'),(88,53,'images.png'),(89,53,'pexels-photo-1648349.png'),(90,53,'photo-1519340241574-2cec6aef0c01.png'),(91,53,'Toy-Names-For-Kids.png'),(92,53,'Untitled.png');
/*!40000 ALTER TABLE `images` ENABLE KEYS */;
UNLOCK TABLES;

--
-- Table structure for table `menu`
--

DROP TABLE IF EXISTS `menu`;

/*!40101 SET @saved_cs_client     = @@character_set_client */;
/*!50503 SET character_set_client = utf8mb4 */;

CREATE TABLE `menu` (
  `id` int NOT NULL AUTO_INCREMENT,
  `name` varchar(50) NOT NULL,
  `action` varchar(50) NOT NULL,
  PRIMARY KEY (`id`)
) ENGINE=InnoDB AUTO_INCREMENT=18 DEFAULT CHARSET=utf8mb4 COLLATE=utf8mb4_general_ci;

/*!40101 SET character_set_client = @saved_cs_client */;

--
-- Dumping data for table `menu`
--

LOCK TABLES `menu` WRITE;
/*!40000 ALTER TABLE `menu` DISABLE KEYS */;
INSERT INTO `menu` VALUES (15,'Home','/'),(16,'AboutUs','Aboutus.php'),(17,'ContactUs','contactus.php');
/*!40000 ALTER TABLE `menu` ENABLE KEYS */;
UNLOCK TABLES;

--
-- Table structure for table `post`
--
DROP TABLE IF EXISTS `post`;

/*!40101 SET @saved_cs_client     = @@character_set_client */;
/*!50503 SET character_set_client = utf8mb4 */;

CREATE TABLE `post` (
  `id` int NOT NULL AUTO_INCREMENT,
  `title` varchar(100) NOT NULL,
  `category_id` int NOT NULL,
  `created_at` timestamp NOT NULL DEFAULT CURRENT_TIMESTAMP ON UPDATE CURRENT_TIMESTAMP,
  `content` mediumtext NOT NULL,
  `image` varchar(255) NOT NULL,
  PRIMARY KEY (`id`)
) ENGINE=InnoDB AUTO_INCREMENT=54 DEFAULT CHARSET=utf8mb4 COLLATE=utf8mb4_general_ci;

/*!40101 SET character_set_client = @saved_cs_client */;

--
-- Dumping data for table `post`
--

LOCK TABLES `post` WRITE;
/*!40000 ALTER TABLE `post` DISABLE KEYS */;
INSERT INTO `post` VALUES (48,'Securing Success: Cybersecurity Best Practices for Small Businesses',21,'2023-11-27 06:23:18','<p>In an era dominated by digital landscapes, small businesses find themselves navigating a complex web of cyber threats. The rapid evolution of technology has brought unprecedented opportunities for growth, but it has also given rise to new and sophisticated cybersecurity challenges. As the backbone of many economies, small businesses must prioritize cybersecurity to safeguard their operations, data, and reputation. In this blog, we&#39;ll explore essential cybersecurity best practices tailored for small businesses, empowering them to build resilient defenses against evolving cyber threats.</p>\r\n\r\n<h3>1. Educate and Empower Employees</h3>\r\n\r\n<p>The human factor remains a significant vulnerability in cybersecurity. Small businesses must invest in employee training programs to cultivate a culture of cybersecurity awareness. Regular training sessions should cover topics such as identifying phishing attempts, using strong passwords, and recognizing social engineering tactics. By fostering a security-conscious workforce, small businesses can create a formidable line of defense against cyber threats.</p>\r\n\r\n<h3>2. Implement Robust Password Policies</h3>\r\n\r\n<p>Passwords are the keys to the digital kingdom, and weak or easily guessable passwords can open the door to cybercriminals. Small businesses should enforce strong password policies that mandate complex combinations of letters, numbers, and symbols. Regularly updating passwords and implementing multi-factor authentication adds an extra layer of security, significantly reducing the risk of unauthorized access.</p>\r\n\r\n<h3>3. Secure Network Configurations</h3>\r\n\r\n<p>A secure network forms the backbone of a small business&#39;s digital infrastructure. Employing firewalls, intrusion detection and prevention systems, and virtual private networks (VPNs) helps fortify network defenses. Restricting access to sensitive data and regularly reviewing user privileges minimizes the risk of internal threats. Small businesses should also consider segmenting their networks to contain potential breaches and limit the lateral movement of cyber threats.</p>\r\n\r\n<h3>4. Regularly Update and Patch Systems</h3>\r\n\r\n<p>Cybercriminals often exploit vulnerabilities in outdated software and operating systems. Small businesses must establish a routine for updating and patching all software, including third-party applications. Automated patch management systems can streamline this process, ensuring that the organization remains protected against known vulnerabilities. Timely updates are a simple yet effective strategy to stay one step ahead of potential cyber threats.</p>\r\n\r\n<h3>5. Backup Critical Data</h3>\r\n\r\n<p>Data loss can be catastrophic for small businesses. Regularly backing up critical data and systems is a fundamental cybersecurity measure. Cloud-based backup solutions offer secure and scalable options, ensuring that essential information can be recovered in the event of a cyber incident. It&#39;s crucial to regularly test backups to confirm their integrity and accessibility.</p>\r\n\r\n<h3>6. Monitor and Respond to Security Incidents</h3>\r\n\r\n<p>Having a robust incident response plan is essential for small businesses. Continuous monitoring of network activities, user behavior, and system logs can help identify potential security incidents early on. Establishing clear protocols for reporting and responding to incidents ensures a swift and effective response, minimizing the impact of a cyber attack.</p>\r\n\r\n<h3>7. Secure Mobile Devices</h3>\r\n\r\n<p>As the mobile workforce grows, small businesses need to secure not only their traditional networks but also the mobile devices that access company data. Implementing mobile device management (MDM) solutions allows businesses to enforce security policies on smartphones and tablets, ensuring that these devices do not become weak links in the cybersecurity chain.</p>\r\n\r\n<h3>8. Stay Informed and Adapt</h3>\r\n\r\n<p>The cybersecurity landscape is ever-changing, with new threats emerging regularly. Small businesses should stay informed about the latest cybersecurity trends, vulnerabilities, and best practices. Engaging with industry forums, attending cybersecurity conferences, and subscribing to reputable cybersecurity news sources can provide valuable insights. By staying proactive and adaptive, small businesses can continuously enhance their cybersecurity posture.</p>\r\n\r\n<p>In conclusion, the increasing frequency and sophistication of cyber threats require small businesses to prioritize cybersecurity. Implementing these best practices can create a robust cybersecurity foundation, protecting against a wide range of potential threats. By fostering a culture of cybersecurity awareness, securing networks, and staying informed, small businesses can navigate the digital landscape with confidence, ensuring the longevity and success of their operations.</p>\r\n','cyber-security-concept_23-214853.png'),(49,'Unraveling the Wonders of Machine Learning Algorithms: A Comprehensive Introduction',25,'2023-11-27 06:26:32','<p>In the digital age, where data is the new currency, machine learning has emerged as a transformative force, revolutionizing industries across the spectrum. At the heart of this technological renaissance are machine learning algorithms, sophisticated mathematical constructs that empower computers to learn and make decisions without explicit programming. In this blog, we embark on a journey through the fundamentals of machine learning algorithms, exploring their types, applications, and the profound impact they have on shaping the future of various industries.</p>\r\n\r\n<h3>Understanding the Essence of Machine Learning</h3>\r\n\r\n<p>At its core, machine learning is a subset of artificial intelligence (AI) that empowers computers to learn from data and improve their performance over time. Instead of relying on explicit programming, machine learning algorithms enable systems to identify patterns, make predictions, and optimize their operations autonomously. This paradigm shift has unlocked unprecedented possibilities, allowing computers to tackle complex problems and make data-driven decisions with remarkable accuracy.</p>\r\n\r\n<h3>Supervised Learning: Guiding the Algorithm</h3>\r\n\r\n<p>Supervised learning represents the cornerstone of machine learning, where algorithms learn from labeled training data to make predictions or decisions without human intervention. In this paradigm, the algorithm is akin to a student guided by a teacher. The teacher provides the algorithm with a dataset containing input-output pairs, allowing it to learn the mapping between inputs and desired outputs. Common applications of supervised learning include image recognition, speech recognition, and predictive analytics.</p>\r\n\r\n<h3>Unsupervised Learning: Discovering Patterns Independently</h3>\r\n\r\n<p>In contrast, unsupervised learning involves algorithms exploring data without explicit guidance on the desired output. The algorithm&#39;s task is to uncover hidden patterns or structures within the data, making it a valuable tool for exploratory data analysis. Clustering and dimensionality reduction are typical applications of unsupervised learning, aiding in tasks such as customer segmentation, anomaly detection, and data compression.</p>\r\n\r\n<h3>Reinforcement Learning: Learning Through Interaction</h3>\r\n\r\n<p>Reinforcement learning takes inspiration from behavioral psychology, where an algorithm learns by interacting with its environment. In this dynamic setting, the algorithm receives feedback in the form of rewards or penalties based on its actions. Over time, the algorithm adapts its strategy to maximize cumulative rewards. Reinforcement learning finds application in areas such as game playing, robotic control, and autonomous systems.</p>\r\n\r\n<h3>Common Machine Learning Algorithms and Their Real-World Applications</h3>\r\n\r\n<ol>\r\n	<li>\r\n	<p>Linear Regression:</p>\r\n\r\n	<ul>\r\n		<li>Application: Predicting house prices based on features like square footage, number of bedrooms, etc.</li>\r\n	</ul>\r\n	</li>\r\n	<li>\r\n	<p>Decision Trees:</p>\r\n\r\n	<ul>\r\n		<li>Application: Customer churn prediction in telecommunications or classification problems in various industries.</li>\r\n	</ul>\r\n	</li>\r\n	<li>\r\n	<p>Random Forest:</p>\r\n\r\n	<ul>\r\n		<li>Application: Image classification, fraud detection, and medical diagnosis.</li>\r\n	</ul>\r\n	</li>\r\n	<li>\r\n	<p>Support Vector Machines (SVM):</p>\r\n\r\n	<ul>\r\n		<li>Application: Text classification, image recognition, and bioinformatics.</li>\r\n	</ul>\r\n	</li>\r\n	<li>\r\n	<p>K-Means Clustering:</p>\r\n\r\n	<ul>\r\n		<li>Application: Customer segmentation for targeted marketing, anomaly detection in cybersecurity.</li>\r\n	</ul>\r\n	</li>\r\n	<li>\r\n	<p>Neural Networks:</p>\r\n\r\n	<ul>\r\n		<li>Application: Deep learning models for image and speech recognition, natural language processing.</li>\r\n	</ul>\r\n	</li>\r\n</ol>\r\n\r\n<h3>Challenges and Future Directions</h3>\r\n\r\n<p>While machine learning has achieved remarkable feats, challenges such as bias in algorithms, interpretability, and data privacy remain. As the field continues to evolve, ongoing research is focused on addressing these challenges and pushing the boundaries of what machine learning can achieve. The integration of machine learning with other emerging technologies like edge computing and quantum computing promises even greater advancements in the near future.</p>\r\n\r\n<p>In conclusion, the world of machine learning algorithms is a vast and exciting landscape, reshaping the way we approach problem-solving and decision-making. Whether it&#39;s predicting stock prices, optimizing supply chains, or enhancing healthcare diagnostics, the applications of machine learning algorithms are as diverse as the industries they impact. As we delve deeper into this realm, we unlock the potential for unprecedented innovation, ushering in an era where intelligent systems augment our capabilities and redefine the possibilities of what technology can accomplish.</p>\r\n','person-using-ai-tool-job_23-2150.png'),(50,'The Future of Cloud Computing: Trends and Innovations',26,'2023-11-27 06:29:58','<p>In the ever-evolving landscape of technology, cloud computing stands as a beacon of innovation, reshaping the way businesses operate and users experience digital services. As we gaze into the horizon, it becomes evident that the future of cloud computing is not just a continuation of the present but a dynamic convergence of trends and innovations. In this blog, we&#39;ll unravel the tapestry of the future, exploring emerging trends such as serverless computing, edge computing, and the symbiotic relationship between artificial intelligence (AI) and cloud services.</p>\r\n\r\n<h3>1. Serverless Computing: The Rise of Event-Driven Architectures</h3>\r\n\r\n<p>Serverless computing, often referred to as Function as a Service (FaaS), is redefining the traditional server-based model. In this paradigm, developers write code that is executed in response to specific events, without the need to manage underlying infrastructure. This results in more efficient resource utilization, reduced costs, and increased scalability. As serverless frameworks mature, expect to see wider adoption across various industries, particularly in the development of microservices and event-driven applications.</p>\r\n\r\n<h3>2. Edge Computing: Bringing Cloud Closer to Home</h3>\r\n\r\n<p>Edge computing represents a paradigm shift from the centralized model of cloud computing. Instead of relying on a distant data center, edge computing processes data closer to the source &ndash; at the &quot;edge&quot; of the network. This is especially crucial for applications requiring low latency, such as Internet of Things (IoT) devices, autonomous vehicles, and augmented reality. The integration of edge computing into the cloud ecosystem not only enhances performance but also opens new possibilities for real-time data processing and analysis.</p>\r\n\r\n<h3>3. Artificial Intelligence: The Cloud&#39;s Strategic Ally</h3>\r\n\r\n<p>The synergy between artificial intelligence and cloud computing is a transformative force. Cloud services provide the scalable infrastructure necessary for training and deploying AI models, while AI, in turn, enhances the capabilities of cloud applications. Machine learning algorithms are increasingly integrated into cloud services, offering features such as intelligent automation, predictive analytics, and natural language processing. The marriage of AI and cloud computing is poised to unlock new levels of efficiency, personalization, and innovation across industries.</p>\r\n\r\n<h3>4. Hybrid and Multi-Cloud Environments: The Best of Both Worlds</h3>\r\n\r\n<p>Hybrid and multi-cloud architectures are becoming the new norm as businesses seek flexibility and resilience. Hybrid clouds combine on-premises infrastructure with public and private cloud services, allowing organizations to optimize performance and compliance. Multi-cloud strategies involve using services from multiple cloud providers, mitigating vendor lock-in and enhancing redundancy. The future of cloud computing will witness a seamless integration of these approaches, providing businesses with the agility to choose the right cloud environment for each workload.</p>\r\n\r\n<h3>5. Quantum Computing: Redefining Cloud Capabilities</h3>\r\n\r\n<p>While quantum computing is still in its infancy, its potential impact on cloud computing is monumental. Quantum computers, when fully realized, could solve complex problems exponentially faster than classical computers. Cloud providers are already exploring ways to integrate quantum computing into their services, paving the way for advancements in areas such as cryptography, optimization, and drug discovery. As quantum computing matures, expect it to revolutionize the capabilities of cloud services.</p>\r\n\r\n<h3>6. Security and Compliance: A Paramount Focus</h3>\r\n\r\n<p>As cloud adoption accelerates, so does the emphasis on security and compliance. The future of cloud computing will witness an increased focus on robust security measures, encryption protocols, and compliance frameworks. Cloud providers will continue to invest in advanced threat detection, identity management, and secure access controls to safeguard sensitive data in an increasingly interconnected and dynamic environment.</p>\r\n\r\n<h3>Conclusion: Soaring to New Heights</h3>\r\n\r\n<p>As we journey into the future, the trajectory of cloud computing is marked by innovation, adaptation, and integration. Serverless computing, edge computing, the alliance with artificial intelligence, and the evolution towards hybrid and multi-cloud environments are key waypoints on this transformative expedition. The cloud is not just a service; it&#39;s a dynamic ecosystem shaping the digital landscape and propelling us towards new frontiers of technological possibility. As these trends converge, the future of cloud computing promises to be a thrilling odyssey, redefining the way we compute, connect, and create.</p>\r\n','cloud-computing-polygonal-wirefr.png'),(51,'Navigating the Web: A Comprehensive Comparison of React, Angular, and Vue.js Frameworks',23,'2023-11-27 06:33:14','<p>In the dynamic realm of web development, choosing the right framework can be a pivotal decision, influencing everything from project scalability to developer productivity. Among the myriad of options available, React, Angular, and Vue.js have emerged as titans, each with its own strengths and nuances. In this blog, we embark on a journey to compare these popular web development frameworks, providing insights to help developers make informed decisions tailored to their project needs.</p>\r\n\r\n<h3>1. React: The Declarative Powerhouse</h3>\r\n\r\n<p>Key Characteristics:</p>\r\n\r\n<ul>\r\n	<li>Declarative Syntax: React adopts a declarative approach, allowing developers to describe the desired outcome, and the framework handles the underlying logic.</li>\r\n	<li>Component-Based Architecture: React&#39;s modular structure, based on components, promotes reusability and maintainability.</li>\r\n	<li>Virtual DOM: The use of a virtual DOM optimizes rendering performance, ensuring efficient updates without the need to redraw the entire page.</li>\r\n</ul>\r\n\r\n<p>Use Cases:</p>\r\n\r\n<ul>\r\n	<li>Ideal for single-page applications (SPAs) and large-scale projects.</li>\r\n	<li>Often chosen for its flexibility, allowing integration with other libraries and frameworks.</li>\r\n</ul>\r\n\r\n<p>Learning Curve:</p>\r\n\r\n<ul>\r\n	<li>Relatively shallow learning curve, especially for those familiar with JavaScript and JSX.</li>\r\n</ul>\r\n\r\n<h3>2. Angular: The Full-Fledged Framework</h3>\r\n\r\n<p>Key Characteristics:</p>\r\n\r\n<ul>\r\n	<li>Two-Way Data Binding: Angular&#39;s two-way data binding ensures synchronization between the model and the view, simplifying development.</li>\r\n	<li>Dependency Injection: The framework&#39;s dependency injection system enhances modularity and testability.</li>\r\n	<li>Comprehensive CLI: Angular&#39;s Command Line Interface (CLI) streamlines development processes, aiding in tasks such as scaffolding and testing.</li>\r\n</ul>\r\n\r\n<p>Use Cases:</p>\r\n\r\n<ul>\r\n	<li>Well-suited for enterprise-level applications and projects with complex requirements.</li>\r\n	<li>Popular choice for developing large-scale, feature-rich applications.</li>\r\n</ul>\r\n\r\n<p>Learning Curve:</p>\r\n\r\n<ul>\r\n	<li>Steeper learning curve compared to React, but it offers a more comprehensive solution out of the box.</li>\r\n</ul>\r\n\r\n<h3>3. Vue.js: The Progressive Framework</h3>\r\n\r\n<p>Key Characteristics:</p>\r\n\r\n<ul>\r\n	<li>Progressive Framework: Vue.js is designed to be incrementally adoptable, allowing developers to use as much or as little of its features as needed.</li>\r\n	<li>Reactivity System: Vue&#39;s reactivity system simplifies state management, making it easy to handle changes in data and update the view accordingly.</li>\r\n	<li>Flexibility: Vue.js provides flexibility in terms of integration, enabling developers to add it to existing projects without a full rewrite.</li>\r\n</ul>\r\n\r\n<p>Use Cases:</p>\r\n\r\n<ul>\r\n	<li>Well-suited for projects of varying sizes, from small to large.</li>\r\n	<li>Often chosen for its ease of integration and approachability for developers.</li>\r\n</ul>\r\n\r\n<p>Learning Curve:</p>\r\n\r\n<ul>\r\n	<li>Vue.js is considered to have one of the gentlest learning curves, making it accessible to beginners while offering advanced features for experienced developers.</li>\r\n</ul>\r\n\r\n<h3>Comparison Matrix: React vs. Angular vs. Vue.js</h3>\r\n\r\n<table>\r\n	<thead>\r\n		<tr>\r\n			<th>Criteria</th>\r\n			<th>React</th>\r\n			<th>Angular</th>\r\n			<th>Vue.js</th>\r\n		</tr>\r\n	</thead>\r\n	<tbody>\r\n		<tr>\r\n			<td>Architecture</td>\r\n			<td>Component-Based</td>\r\n			<td>Full-Fledged Framework</td>\r\n			<td>Progressive Framework</td>\r\n		</tr>\r\n		<tr>\r\n			<td>Data Binding</td>\r\n			<td>One-Way (Virtual DOM)</td>\r\n			<td>Two-Way</td>\r\n			<td>One-Way (Reactivity)</td>\r\n		</tr>\r\n		<tr>\r\n			<td>Learning Curve</td>\r\n			<td>Shallow</td>\r\n			<td>Steeper</td>\r\n			<td>Gentle</td>\r\n		</tr>\r\n		<tr>\r\n			<td>Flexibility</td>\r\n			<td>Highly Flexible</td>\r\n			<td>Moderate</td>\r\n			<td>Highly Flexible</td>\r\n		</tr>\r\n		<tr>\r\n			<td>Performance</td>\r\n			<td>High</td>\r\n			<td>Excellent</td>\r\n			<td>High</td>\r\n		</tr>\r\n		<tr>\r\n			<td>Community Support</td>\r\n			<td>Large</td>\r\n			<td>Large</td>\r\n			<td>Growing</td>\r\n		</tr>\r\n		<tr>\r\n			<td>Use Cases</td>\r\n			<td>SPAs, Large Projects</td>\r\n			<td>Enterprise Applications</td>\r\n			<td>Various Sizes of Projects</td>\r\n		</tr>\r\n		<tr>\r\n			<td>Integration</td>\r\n			<td>Easily Integrates</td>\r\n			<td>Comprehensive CLI</td>\r\n			<td>Flexible Integration</td>\r\n		</tr>\r\n	</tbody>\r\n</table>\r\n\r\n<h3>Conclusion: Choosing the Right Path</h3>\r\n\r\n<p>In the dynamic world of web development, the choice between React, Angular, and Vue.js ultimately depends on the specific needs of the project and the preferences of the development team. React&#39;s flexibility, Angular&#39;s comprehensive approach, and Vue.js&#39;s progressive nature each cater to different scenarios. As developers embark on their web development journey, understanding the strengths and trade-offs of these frameworks is paramount to steering projects toward success. Whether it&#39;s the declarative power of React, the full-fledged capabilities of Angular, or the progressive nature of Vue.js, each framework opens a gateway to crafting robust and scalable web applications. The future of web development is as diverse as the frameworks themselves, promising exciting possibilities for innovation and growth.</p>\r\n','hand-drawn-flat-design-devops-il.png'),(52,'Data Science Applications in Healthcare: Revolutionizing Patient Care',25,'2023-11-27 06:36:27','<p>The intersection of data science and healthcare has ushered in a new era of precision medicine, predictive analytics, and enhanced patient care. The transformative impact of data science on the healthcare industry is multifaceted, providing valuable insights for medical professionals and improving patient outcomes.</p>\r\n\r\n<p>1. Personalized Medicine:</p>\r\n\r\n<ul>\r\n	<li>Data science enables the analysis of vast datasets, including genetic information, to tailor treatment plans based on individual patient characteristics.</li>\r\n	<li>Genetic profiling and machine learning algorithms help identify patient-specific responses to medications, minimizing adverse effects and optimizing therapeutic outcomes.</li>\r\n</ul>\r\n\r\n<p>2. Predictive Analytics:</p>\r\n\r\n<ul>\r\n	<li>Data-driven predictive models can forecast disease outbreaks, patient readmissions, and identify high-risk individuals.</li>\r\n	<li>Early detection of potential health issues allows for proactive interventions, reducing healthcare costs and improving overall population health.</li>\r\n</ul>\r\n\r\n<p>3. Disease Diagnosis and Risk Assessment:</p>\r\n\r\n<ul>\r\n	<li>Machine learning algorithms analyze medical images, such as X-rays and MRIs, aiding in early and accurate disease diagnosis.</li>\r\n	<li>Predictive modeling assesses individual health risks, allowing for preventive measures and lifestyle interventions.</li>\r\n</ul>\r\n\r\n<p>4. Efficient Healthcare Operations:</p>\r\n\r\n<ul>\r\n	<li>Data science optimizes hospital and healthcare system operations by forecasting patient admission rates, improving resource allocation, and streamlining supply chain management.</li>\r\n	<li>Electronic health records (EHRs) facilitate seamless information exchange, enhancing communication among healthcare providers and improving patient care coordination.</li>\r\n</ul>\r\n\r\n<p>5. Drug Discovery and Development:</p>\r\n\r\n<ul>\r\n	<li>Data science accelerates drug discovery by analyzing biological and chemical data, identifying potential drug candidates, and predicting their efficacy.</li>\r\n	<li>Predictive modeling streamlines the drug development process, reducing costs and time-to-market for new pharmaceuticals.</li>\r\n</ul>\r\n\r\n<p>6. Remote Patient Monitoring:</p>\r\n\r\n<ul>\r\n	<li>IoT devices and wearables collect real-time health data, providing a continuous stream of information for personalized monitoring.</li>\r\n	<li>Machine learning algorithms analyze this data to detect patterns, enabling early intervention and personalized treatment adjustments.</li>\r\n</ul>\r\n\r\n<p>7. Healthcare Fraud Detection:</p>\r\n\r\n<ul>\r\n	<li>Data science techniques, such as anomaly detection and pattern recognition, are employed to identify fraudulent activities within healthcare systems, ensuring financial integrity and minimizing waste.</li>\r\n</ul>\r\n\r\n<p>8. Natural Language Processing in Healthcare:</p>\r\n\r\n<ul>\r\n	<li>Natural language processing (NLP) extracts valuable insights from unstructured medical data, including clinical notes and research articles.</li>\r\n	<li>NLP applications contribute to more accurate diagnoses, improved documentation, and enhanced clinical decision support.</li>\r\n</ul>\r\n','happy-people-buying-clothes-onli.jpg'),(53,'Latest Trends in Mobile App Development: Shaping the Future of User Experience',25,'2023-11-27 06:43:00','<p>The landscape of mobile app development is in a perpetual state of evolution, driven by technological advancements and changing user expectations. Here are some of the latest trends shaping the mobile app development industry:</p>\r\n\r\n<p>1. Cross-Platform App Development:</p>\r\n\r\n<ul>\r\n	<li>Frameworks like React Native and Flutter facilitate the development of cross-platform apps, allowing developers to write code once and deploy it on multiple platforms.</li>\r\n	<li>This approach streamlines development efforts, reduces costs, and ensures a consistent user experience across different devices.</li>\r\n</ul>\r\n\r\n<p>2. Augmented Reality (AR) Integration:</p>\r\n\r\n<ul>\r\n	<li>AR technology enhances user engagement by overlaying digital information onto the physical world.</li>\r\n	<li>Applications in gaming, retail, and education leverage AR to create immersive and interactive experiences.</li>\r\n</ul>\r\n\r\n<p>3. 5G Technology:</p>\r\n\r\n<ul>\r\n	<li>The rollout of 5G networks enables faster data speeds and lower latency, unlocking new possibilities for mobile app functionality.</li>\r\n	<li>Applications that require high-speed data transfer, such as augmented reality and real-time video streaming, benefit from 5G technology.</li>\r\n</ul>\r\n\r\n<p>4. Internet of Things (IoT) Integration:</p>\r\n\r\n<ul>\r\n	<li>Mobile apps increasingly connect with IoT devices, allowing users to control smart home devices, monitor health metrics, and interact with the broader Internet of Things ecosystem.</li>\r\n	<li>IoT integration enhances user convenience and provides personalized experiences.</li>\r\n</ul>\r\n\r\n<p>5. Artificial Intelligence (AI) and Machine Learning (ML):</p>\r\n\r\n<ul>\r\n	<li>AI and ML algorithms are integrated into mobile apps for personalized recommendations, intelligent automation, and predictive analytics.</li>\r\n	<li>Voice assistants and chatbots powered by AI enhance user interaction and provide a more natural and intuitive experience.</li>\r\n</ul>\r\n\r\n<p>6. Progressive Web Apps (PWAs):</p>\r\n\r\n<ul>\r\n	<li>PWAs combine the best features of web and mobile apps, offering a fast and reliable user experience.</li>\r\n	<li>They provide offline capabilities, push notifications, and seamless updates without the need for app store downloads.</li>\r\n</ul>\r\n\r\n<p>7. App Security and Privacy:</p>\r\n\r\n<ul>\r\n	<li>With increasing concerns about data security and privacy, mobile app developers are prioritizing robust security measures.</li>\r\n	<li>Biometric authentication, secure data storage, and compliance with privacy regulations are integral aspects of modern mobile app development.</li>\r\n</ul>\r\n\r\n<p>8. Voice User Interface (VUI):</p>\r\n\r\n<ul>\r\n	<li>The rising popularity of voice-controlled devices has led to the integration of VUI in mobile apps.</li>\r\n	<li>Voice commands and interactions enhance accessibility and user convenience, especially in hands-free scenarios.</li>\r\n</ul>\r\n\r\n<h3>Conclusion: Transforming Industries and Enhancing Experiences</h3>\r\n\r\n<p>Data science is reshaping healthcare, offering personalized treatments, predictive insights, and streamlined operations. The fusion of technology and healthcare data is revolutionizing patient care and driving advancements in medical research and diagnostics.</p>\r\n\r\n<p>In the realm of mobile app development, the latest trends are pushing the boundaries of user experience. From cross-platform development to the integration of emerging technologies like AR and AI, developers are creating innovative and immersive mobile applications that cater to the evolving needs and preferences of users.</p>\r\n\r\n<p>As these trends continue to unfold, the synergy between data science applications in healthcare and the latest developments in mobile app technology is contributing to a future where personalized, efficient, and user-centric experiences take center stage, transforming industries and enhancing the way we interact with technology.</p>\r\n','lo2.png');
/*!40000 ALTER TABLE `post` ENABLE KEYS */;
UNLOCK TABLES;

--
-- Table structure for table `submenu`
--

DROP TABLE IF EXISTS `submenu`;

/*!40101 SET @saved_cs_client     = @@character_set_client */;
/*!50503 SET character_set_client = utf8mb4 */;

CREATE TABLE `submenu` (
  `id` int NOT NULL AUTO_INCREMENT,
  `parent_menu_id` int NOT NULL,
  `name` varchar(50) NOT NULL,
  `action` varchar(50) NOT NULL,
  PRIMARY KEY (`id`)
) ENGINE=InnoDB AUTO_INCREMENT=5 DEFAULT CHARSET=utf8mb4 COLLATE=utf8mb4_general_ci;

/*!40101 SET character_set_client = @saved_cs_client */;

--
-- Dumping data for table `submenu`
--

LOCK TABLES `submenu` WRITE;
/*!40000 ALTER TABLE `submenu` DISABLE KEYS */;
/*!40000 ALTER TABLE `submenu` ENABLE KEYS */;
UNLOCK TABLES;

--
-- Table structure for table `users`
--
DROP TABLE IF EXISTS `users`;

/*!40101 SET @saved_cs_client     = @@character_set_client */;
/*!50503 SET character_set_client = utf8mb4 */;

CREATE TABLE `users` (
  `id` int NOT NULL AUTO_INCREMENT,
  `full_name` varchar(255) NOT NULL,
  `username` varchar(50) NOT NULL,
  `about_company` text,
  `job` varchar(100) DEFAULT NULL,
  `country` varchar(100) DEFAULT NULL,
  `address` varchar(255) DEFAULT NULL,
  `phone` varchar(20) DEFAULT NULL,
  `email` varchar(255) NOT NULL,
  `twitter_profile` varchar(255) DEFAULT NULL,
  `instagram_profile` varchar(255) DEFAULT NULL,
  `linkedin_profile` varchar(255) DEFAULT NULL,
  `password_hash` varchar(255) NOT NULL,
  `created_at` timestamp NULL DEFAULT CURRENT_TIMESTAMP,
  `updated_at` timestamp NULL DEFAULT CURRENT_TIMESTAMP ON UPDATE CURRENT_TIMESTAMP,
  `profileimage` varchar(100) DEFAULT NULL,
  `about` varchar(255) DEFAULT NULL,
  `facebook_profile` varchar(255) DEFAULT NULL,
  PRIMARY KEY (`id`),
  UNIQUE KEY `username` (`username`),
  UNIQUE KEY `email` (`email`)
) ENGINE=InnoDB AUTO_INCREMENT=2 DEFAULT CHARSET=utf8mb4 COLLATE=utf8mb4_general_ci;

/*!40101 SET character_set_client = @saved_cs_client */;
/*!40101 SET character_set_client = @saved_cs_client */;

--
-- Dumping data for table `users`
--

LOCK TABLES `users` WRITE;
/*!40000 ALTER TABLE `users` DISABLE KEYS */;
INSERT INTO `users` VALUES (1,'Abdul Waheed Chaudhary','@abdul12','whizoid studio','full stack web developer','india','wadala east mumbai','7718929730','abdulwaheedchaudhary78@gmail.com','','','','000000','2023-11-26 05:19:55','2023-11-26 15:12:43','','These scripts include a JavaScript function to preview the selected image before uploading. Adjust the paths and logic according to your project structure and requirements. If you encounter any issues or have further questions, feel free to ask!','');
/*!40000 ALTER TABLE `users` ENABLE KEYS */;
UNLOCK TABLES;
/*!40103 SET TIME_ZONE=@OLD_TIME_ZONE */;

/*!40101 SET SQL_MODE=@OLD_SQL_MODE */;
/*!40014 SET FOREIGN_KEY_CHECKS=@OLD_FOREIGN_KEY_CHECKS */;
/*!40014 SET UNIQUE_CHECKS=@OLD_UNIQUE_CHECKS */;
/*!40101 SET CHARACTER_SET_CLIENT=@OLD_CHARACTER_SET_CLIENT */;
/*!40101 SET CHARACTER_SET_RESULTS=@OLD_CHARACTER_SET_RESULTS */;
/*!40101 SET COLLATION_CONNECTION=@OLD_COLLATION_CONNECTION */;
/*!40111 SET SQL_NOTES=@OLD_SQL_NOTES */;

-- Dump completed on 2023-11-28 13:44:28
